time,x1,x2,x3,x4
0,10.496714153011233,5.0,7.0,12.0
1,10.277559080464334,5.33894978956197,7.4067366430758,12.025823942451838
2,11.461161824252294,5.150984077939921,7.668654560996749,12.330934120573527
3,12.698600360992971,5.3502695984222255,8.056908562534897,12.405296671736737
4,11.252136276231452,5.5922152791518505,8.010660475060675,12.450665996142893
5,11.497913850619696,5.249576318944358,7.906945170737777,12.667430250721868
6,13.481325848097699,5.269107451457421,7.792318266819679,12.873355958453608
7,12.756478519889455,5.91328316665499,7.018296015488996,13.320049090713974
8,11.519569404801596,5.69374759891407,6.794882150793987,13.185210024136149
9,12.444673076176272,5.414112955751448,6.750305195236743,13.217273580217432
10,11.268633114756415,5.609244491919733,6.228514292457184,13.681185279557798
11,11.020559897384532,5.542714098719694,6.049870444925836,13.536709185193969
12,11.417532776150981,5.4800410343981625,6.208247192619342,13.92376022521023
13,8.900193041493802,5.930114768732337,6.091727647317525,13.969084222888215
14,8.690905549122487,5.057097144793704,6.445015499706476,14.024967054701815
15,9.43771247075903,5.406121030562615,7.091154626260671,14.321779862961165
16,8.571345498030059,5.651104819573973,6.927004619841135,14.309181090905067
17,9.500774046443674,5.481008863538228,7.619764928008138,14.216578994012938
18,7.9164054198938425,5.94588561637315,7.842336794162257,14.585619688257955
19,7.10140664770992,5.645558046524205,7.746675729360149,14.908062390013932
20,9.733597961352677,5.618725484239604,7.693170537167654,14.750088173849345
21,7.872110666923157,6.541978179480016,7.468661883227919,14.792644257019216
22,8.078484413951378,5.974897109460181,6.855221141876176,15.200087651673662
23,6.586208023049997,6.167823002180279,7.093268479896884,15.362099613447931
24,7.55350424288451,5.98680257999715,6.364890707179455,15.838740235528698
25,8.378871782140989,6.259439499652516,6.280734257107594,15.689529052290805
26,7.362716771622909,6.376909143880363,5.746677612718105,15.91635178469103
27,9.200127513760725,6.008502274590128,5.752655967914274,16.062196912353947
28,8.585888023929595,6.524712538175528,6.321385615326193,15.894754761961307
29,9.292482868571206,6.331160190297401,6.568415839829363,16.33085519404236
30,9.398293387770602,6.3102126185421765,7.198722158199257,16.50872048603542
31,12.268101566144455,6.343750362588846,7.356398698781701,16.774585145128913
32,10.799976061413664,6.988825047964922,7.580108778039494,16.731375855865853
33,10.117859575629046,6.685873144839148,7.908018993512193,16.88685719931274
34,12.308834563057976,6.447406315283504,8.13046230417678,16.832689399531773
35,10.511207157597855,6.948444827401019,7.93518506762355,17.233205110280654
36,12.110976627595063,6.591145581337696,7.486776057379238,17.472678838996703
37,10.029373666856772,6.7900825122011925,7.432999578008259,17.412820495389173
38,10.660857741838116,6.165661474815086,6.942741661875968,17.79318998694294
39,12.09897426845943,6.573989367186468,6.415505851746119,17.95681239089662
40,12.47051738756429,7.163768201021952,5.642475118533864,17.96919776934759
41,11.65765793214476,7.439932743144411,5.777314293724409,17.969830541413927
42,11.059922222196706,7.105522058070097,5.970296813829106,18.10885782993689
43,10.512369590562313,7.223173598626658,6.421343507300344,18.394057360678836
44,8.937301391268093,7.105818044373143,6.555648347954945,18.725698097283598
45,9.280155791605292,6.789180672895689,6.991495319382534,18.753165254454814
46,9.123537847404695,7.1724127312302555,7.365462956903056,18.838008305885715
47,10.243648940067315,7.277040656553405,7.384411235976588,19.054672332077697
48,9.168047784983516,7.55949745216725,7.9866072217657536,19.128060989904892
49,6.750670193682478,7.700739521843128,7.9507669957921365,19.157787374128592
50,8.592033161825919,7.109097088805925,7.960793842970927,19.59456119414771
51,7.712804686993376,7.584668920667486,7.7054394937470585,19.656173125689442
52,7.334034208957494,7.524055669218845,6.988889012487211,19.889734152419646
53,8.622632498104322,7.496326418536487,6.895399488049495,19.983910304080695
54,9.128886489905643,7.909570263234651,6.279935127667745,20.00483530790547
55,9.199229311547322,8.004269341364243,5.975958798429927,20.124240757899443
56,7.674492825822574,8.012221698941055,6.100847659694851,20.305423626456164
57,8.51521711956384,7.595679335934063,6.066917996176071,20.50788094244193
58,9.517790145251965,7.924509189170572,6.30226240791509,20.87984108142101
59,10.55972174548684,8.103739044880513,6.393048871130173,20.786082505602735
60,9.520825762154704,8.255602104928098,7.1021444315736115,20.863081177845757
61,10.230164404971699,7.983417599711248,7.525236202904298,21.20855829934666
62,9.707138312145569,7.759448044937847,7.915865079571005,21.22835603731072
63,9.979363880504273,7.932976077835402,7.996196872338699,21.478087151208033
64,12.298815473348984,7.667166634897988,7.7764535434910425,21.6503632115666
65,13.088290836139699,8.457513652577946,7.77485753547857,21.63049388304219
66,11.830102911009973,8.594905019108634,7.257763057938018,21.8518040444485
67,12.99257668862857,8.198928815953808,7.358956117304492,21.864093991902347
68,12.350679815784181,8.81714254810546,6.910755454886262,22.105252619514662
69,11.256993277985183,8.5117206873831,6.07769032145217,22.427731231805826
70,12.093446413077292,8.341114461791534,6.370832208860207,22.5432381612987
71,13.024326217420757,8.653726623764607,6.184785330671581,22.747447971362174
72,11.139744465474996,9.109115052662103,6.046233701003926,22.89619826156794
73,12.378116941965608,8.646934377373041,6.415630897240485,23.020112327662677
74,7.796078277545774,9.041093874325345,7.022345460702083,23.037979485985737
75,10.821902504375226,8.06370315071779,7.007026385519967,23.59064389704383
76,9.671223686602655,8.997195092996437,7.631124538411565,23.42985631179114
77,8.887519363382536,8.720455930605477,7.269601526364632,23.80353797427904
78,8.916190271950557,8.767486278763648,8.03776628649031,23.442350140288077
79,6.526141434444318,9.127604212024082,7.978372568708673,24.061337103139607
80,8.048277304593613,8.488751499831082,7.906905614759511,24.07528256080243
81,8.45499953892144,8.949233220207962,7.680403151938823,24.223161744191312
82,9.488850254004971,9.172208001021682,6.856143664231273,24.361912840177677
83,7.492685990989806,9.561204708300718,6.731681037192674,24.28567818436151
84,7.289393364516505,9.25219373287399,6.515660223213448,24.692603820738793
85,7.766192148846587,9.045645464355198,6.236311939582636,24.80726625360195
86,9.429112466747283,9.192477051643747,5.8071762490423975,24.74537329206015
87,9.153180605074738,9.727648980713807,5.871277077368807,24.855868077434767
88,8.656766510081356,9.522504248800557,6.070270162917433,25.106466223795003
89,10.09744405147784,9.265167724287817,6.769038725587755,25.30449521815039
90,10.097077549348038,9.634345245025509,7.058724517398585,25.563741202938438
91,11.384468372168408,9.571963138863007,7.250512436746191,25.79666170999757
92,10.111420192274245,9.886871273508884,7.968998725939771,25.54533336526424
93,10.847908357987176,9.512147026200493,7.996908876073189,26.04960702114075
94,11.09418149782263,9.6068959446014,8.196692095434686,25.938535161795315
95,10.26853585943676,9.70563156178191,7.845534333909073,26.403610012810887
96,12.198233309654883,9.352873857549508,7.418039507275237,26.38542990086187
97,12.250099062916435,9.946699602150984,7.2852018066289395,26.52377129721275
98,11.994157247379007,9.778496513200757,6.5162361950584025,26.644003176209747
99,11.66752589921516,10.043166804462986,6.537282570722239,26.866485711040436
100,10.316680065518462,9.964272707577255,5.953886780831999,27.15452930983258
101,11.065644328189432,9.725189788370841,5.906002310707913,27.139409890344414
102,10.832855988058178,9.684180865351024,6.109296074053702,27.247046155551015
103,10.011196016929986,10.256023115520042,6.099610000154858,27.531067687780077
104,10.254537669969507,9.945357856417996,6.253566720699066,27.46803402720977
105,10.404050856814541,10.312432568173948,6.976647561184554,27.69703759195621
106,11.47036251957501,10.317224664331809,7.366494835368076,28.054547865745338
107,9.361104526680242,10.977133160869418,7.661663177095028,28.144055290229737
108,9.08197988613782,10.347031787532186,8.125658610219833,28.096328199470907
109,8.439264433279048,10.464888221147248,8.280739718425137,28.453909133286597
110,6.34917797713208,10.66906936065683,7.8980836688645875,28.487251157512613
111,8.071373091960476,9.955300395333953,7.563856337405925,28.71980736029988
112,8.07118641920448,10.613789124683208,7.36967205032009,28.83688492253763
113,10.474198321748739,10.755075836051184,6.380857146171198,28.82846020829847
114,7.90552600262857,11.488540822542845,6.404208931910223,28.816898354570313
115,8.569496534764736,10.707333601080022,6.201112015385843,29.212821751098108
116,8.47899857933997,10.926960302946707,6.378383852579287,29.396025427975992
117,7.655751457795519,11.079928027612256,6.097426078894871,29.578135114196666
118,10.32934952836342,10.543634709010782,6.281709999643471,29.758853613295162
119,10.33610965105125,11.312956749026002,6.708360181957547,29.8862663632083
120,10.791031947043038,11.330645349406794,6.686745887945609,30.027337144079656
121,9.50643592684078,11.397862177408713,7.368277326611871,29.949665948044004
122,12.216267597087697,10.945886794117618,7.922429258861451,30.385480305016966
123,9.773719441792664,11.634711315483749,8.401035364901672,30.68896409076279
124,12.073146744755055,10.665144189889267,7.980514400628647,30.736414672873206
125,13.922506433378853,11.58940028137019,8.15492615510125,30.68590860384613
126,10.911576707459618,11.842502148441126,7.240582683305209,31.063399239144843
127,11.422746061133775,11.083102648984699,7.413798448921078,30.878584019213292
128,12.088695155824189,11.154683096117234,7.1723015097644405,31.26498666355927
129,11.398637378474108,11.473481574866993,6.133995055567462,31.57735032867653
130,10.181387376502748,11.381833544795489,6.0982166233527915,31.202323520966775
131,11.554852625760814,11.116936692225188,6.091105181096046,31.76157351375949
132,10.113266790858845,11.662760967865339,6.049862183152932,31.843750353293853
133,11.287065716786781,11.492680012788034,6.040864763738691,31.910093172388894
134,9.49639914740172,11.887431159341952,6.632881603412796,32.00388228371206
135,11.549934405017542,11.449757066200794,6.9728941312695,32.260167879771735
136,8.800923326028244,12.361389038334098,7.578376752055109,32.21624087975874
137,8.864465197642723,11.733971061191594,7.52759499410377,32.76447468393222
138,9.637946712784725,11.6806207636246,8.23052976200592,32.62220212435626
139,7.282846032611257,12.253795172195886,7.935090161609428,33.00453355381617
140,8.495409127035254,11.700857979300903,7.889299877108718,33.07447295463019
141,9.40502972169212,12.08848163004524,7.646151648044617,33.058683002666285
142,6.403472974702225,12.629713507615891,6.881673951823058,33.3688674082577
143,8.195590067795758,11.652749470928379,6.831653371333034,33.2941181434774
144,8.357769761658115,12.267947802906845,6.7351316224626645,33.69738546525151
145,9.04977206420843,12.310657655846141,5.852958445209634,33.668391717171936
146,7.2767596381671265,12.536104766291341,6.070642106166685,33.77605194391694
147,7.503972882330775,11.869287278047057,6.063017851749049,34.01330457391392
148,9.708468279465297,11.859857927815288,6.547504378157618,34.24812213375938
149,9.881161291597664,12.766032976007565,6.144745325904777,34.514226542866005
150,10.250492850345875,12.504399267138123,6.593065054211145,34.25311472896735
151,10.762271591132487,12.526008620158134,7.586030952665429,34.4110709298462
152,10.133448564573106,12.488595451488722,7.581465504644848,34.85587260557704
153,11.407824201745953,12.382096408757503,7.919076247946828,34.79678150104701
154,11.779362124253465,12.63736712980755,8.09382618283431,35.16834189222681
155,11.017699389542507,13.002123258003241,7.707371897868539,35.25416783278621
156,13.767887543735064,12.686676283526353,7.573275620748874,35.045923132357196
157,12.462876711648335,13.340917318825657,7.233169169102446,35.49963240436752
158,10.797740293533899,13.267393456807968,6.662457938494103,35.605241257316834
159,12.558666641224136,12.690785499538364,6.669245500970522,35.633125095324985
160,10.75736913734156,13.164482944239287,6.322639160624722,35.974732139389445
161,12.273374254697243,12.507654927444447,5.9781137838551235,36.23590131573475
162,12.334166083592352,13.565219638381809,6.20340235632093,36.423636380828874
163,9.99279096779989,13.358621427025861,5.820302335295571,36.545574724049516
164,11.379199510879852,12.789255429798798,6.897045617796475,36.3666400199686
165,10.41278092693651,13.64126988197426,7.174995031065186,36.912436124265355
166,10.406236778358965,13.667809518714877,7.274304804807212,36.927337703889485
167,11.083319696502338,13.735045329849399,8.135960823318793,36.92811398185403
168,8.579041379412187,14.02542880680142,8.070232808341292,37.23925241195034
169,7.759974184687723,13.435858999365669,8.144463342156879,37.22327268438229
170,7.378434762805599,13.359220706570785,8.115524901973828,37.51844966174714
171,7.2820766824442575,13.35903853009102,7.555898666001184,37.76597414150271
172,7.9338544998493505,13.383376056907306,7.170079952204871,37.77990248131204
173,8.352108184080096,13.637289597570957,6.776244878895768,37.89286866138635
174,8.374577766739712,13.796086279655041,6.274645279487661,37.99794539504345
175,9.095132441467138,13.757610780912339,6.094363602432658,38.25375573978142
176,8.52671224092311,14.02008746702413,6.078305671649627,38.25251752528781
177,10.277963572572373,13.684604886143834,5.969995662089248,38.65378416869726
178,8.92186988061045,14.32622626046772,6.5978615269065655,38.570274852835034
179,12.304345784954094,13.771743839313523,6.333260185898689,38.90856451427497
180,10.625667347765003,14.705691818255309,7.274209814170201,38.75049150281373
181,9.558665825219235,14.255689619444851,7.5021435685868765,39.20455354103579
182,9.742580788090489,13.982052961709575,8.16723990088658,39.436785086872945
183,11.658042919828123,13.920563911181898,8.05546638446191,39.67393654074553
184,11.262826865628933,14.18769166421064,7.888009130112977,39.744084889284416
185,12.446051301660967,14.083998350745212,7.710324582317339,39.76249084627696
186,12.37535065716385,14.60827726702645,7.717685098286511,39.72760250548566
187,11.916214878079675,14.393722548018232,6.887124510131936,40.06543306607457
188,11.142250072668142,14.355688011203236,7.130398039527741,39.99397387613542
189,10.387265807904441,14.250967094481934,6.296052561273449,40.61426086006481
190,11.285535855501854,13.948711387107878,6.080722170014058,40.33914147798504
191,12.342688445278263,14.42658306499449,5.843133919291022,40.71485162801801
192,11.389664248715153,14.723517088805222,5.777025642946644,40.82565474543495
193,9.567734507439612,14.65409135884394,6.022992578330924,41.02470797877703
194,10.589004307486714,14.358256559800658,6.713590876815515,40.96698046183591
195,10.385317379728848,14.642654904402187,7.204885777635038,41.366702833151265
196,8.700319182163357,14.959642687714691,7.065373178496906,41.71245355137093
197,9.340251819793933,14.582878989246993,7.697708384879743,41.357939517502494
198,8.882638213861057,15.001366527225374,7.980643911144306,41.52448018935776
199,7.370740051214589,14.989854028940266,7.876838009535772,41.67032355833604
200,8.625736552779404,14.793522953648198,7.928760097861237,42.020604119719856
201,8.658671493777925,15.169858658369277,7.547548978752198,41.98719093921925
202,9.094007452438731,15.225294803797947,7.132812691493793,42.243417404074485
203,9.064758261298357,15.487145123255813,7.044438315182486,42.4625600670558
204,6.720217599452601,15.57047041851411,6.468301250813567,42.7197087574242
205,7.330124152515999,14.841585196645443,6.408237464383867,42.81737326280932
206,9.028745616253863,15.022711657145852,6.098433059953078,43.03328159810359
207,9.338215446327254,15.434311411381923,5.708250964010308,43.21773419542195
208,9.701574400154453,15.487845693518569,6.137722796598158,42.971846037956745
209,13.43690810901921,15.464253778711846,6.792261806606958,43.230084455743494
210,10.570890510693163,16.830777121515112,7.0882687509897035,43.49993512446089
211,11.551389021816117,15.596880829668823,7.383983107250591,43.76832538407136
212,11.767475049644805,15.87137917227459,8.541540238928796,43.88330495219085
213,11.826961755890746,15.864359802491041,7.854144240699476,44.31614679635623
214,11.171020406314437,15.984909813086185,8.217800931368565,44.18690739237785
215,12.491020028062142,15.625924258778694,8.082874591511407,44.223245675510036
216,11.129287818052735,16.152464973415356,7.713522106860878,44.6529269997561
217,11.752225183996536,15.550803373214343,7.086462031309041,44.7576771439937
218,11.503680242907445,15.856853834200377,7.030155116196671,44.72913587880095
219,11.983987171976628,15.720856230325294,6.18902479803207,45.12398933125889
220,14.046709374242383,16.239077154593236,6.101473635273202,44.75054148598722
221,9.619024458363043,16.6256377280991,6.077964021743555,45.079565631716534
222,11.861830694959462,15.57080251324518,6.167687206386187,45.25405533341086
223,9.20075741496195,16.41925574520556,6.5664037961799435,45.568726528116485
224,9.943891515846085,15.757565148388258,6.2109906843077916,45.62117990526505
225,11.088950596967377,16.089891674375398,7.235972644273321,45.67326404399249
226,9.648456637459953,16.61370310911687,7.123153314786935,46.12990795298885
227,8.1087819359191,16.373665152926552,7.582142526270488,46.01068511775263
228,8.109125786155088,16.061976366458357,8.271408784992575,46.16318788503844
229,9.193308097979898,16.331796798901504,8.15068128757557,46.378617331089664
230,7.537582560713985,16.924931624839537,7.603168867085584,46.478351006892176
231,8.314345556991668,16.275140831984075,7.330209336497309,46.66938629598797
232,8.056528049167266,16.527957278916688,7.563622034705168,46.77529225999223
233,7.359355861657636,16.654843347136016,6.558709825796692,47.087888030817055
234,10.241831056735016,16.76249082948369,6.448051674973818,46.96761541268553
235,8.901868214749133,17.312815770000626,5.9398702227259905,47.05910629184909
236,6.488567762387605,17.154087387239812,6.132232336151869,47.21145513457271
237,9.010883810184472,16.410227305410363,6.265515752777139,47.78807270401348
238,8.524740249080002,16.90057747026003,6.542384018773138,47.66334480460894
239,10.4366099531607,16.808362368488012,6.330827046954054,47.9824264159145
240,9.207479261567281,17.41856966275172,6.904952540216335,47.99841840164975
241,10.301086940168618,16.77433100437144,7.281050432875927,47.986457117319304
242,11.318460565132057,17.045221031549694,8.062918468824098,48.264925705744545
243,12.04132569875507,17.243328092299272,7.796244564229543,48.670999525204635
244,10.285993243899007,17.358250885181754,8.020095812345339,48.54374514186858
245,11.397549571727927,16.824983323376667,8.119666317615554,49.045944775194876
246,11.427167721429349,17.07725560257149,7.526311622230421,48.840515335148524
247,11.335714558162834,17.210924753477638,7.114622942340624,49.13009370766653
248,13.754498031017645,17.12700390712202,6.6688772644774685,49.147006201022826
249,12.307094743551266,18.003014863263406,6.238891194961804,49.37684772162221
250,10.471166853233838,17.465904948667923,5.83714557791488,49.47533824850407
251,12.404151598009559,17.204822836920933,6.318374983512064,49.4574595379388
252,13.297726701597583,17.958711480277326,6.120651464098046,49.944207581556846
253,11.84593854670275,18.087273294846643,6.03699396463741,49.79577719864859
254,8.896453415681504,18.047145235150104,6.9596057381153305,50.069295810076035
255,9.515765927133746,17.416955909461127,7.117246407902833,50.42573871527703
256,10.851087767551112,17.533765676271006,7.613814889381247,50.51427935433098
257,8.478857248229625,18.397330583439757,7.4180790267127525,50.740928718117516
258,9.268248923561286,17.729601061250968,7.827679110320251,50.61055423887746
259,9.288344402474548,18.01264464286803,8.411608984441857,50.81366906436742
260,7.341018720853046,18.22681330826303,7.721709861166922,51.07800138325065
261,8.038361611347897,17.82775354977875,7.364950652350585,51.0226117342531
262,4.769688869194381,18.089742932322704,7.363894490455222,51.32699185672603
263,6.986568567929165,17.231495397223913,6.702414294222833,51.6565664975601
264,7.845318816016531,17.80061634829178,6.4464899825973205,51.54445068033624
265,7.020166010466272,18.19116563698566,5.706450053732127,51.76719938228797
266,10.146121652976847,17.784293595720047,5.658742545641887,51.63887273315301
267,7.394288117454412,18.82860078504462,6.081664476441284,52.02335891559387
268,8.746482227151407,17.88056682246533,6.0666820832024255,52.279097257775625
269,9.714917195650568,18.244433659731932,6.702565069550314,52.469634452273816
270,11.441273289066112,18.66283149070687,6.720305276071092,52.45828106637795
271,8.979961230456064,19.091512998779262,7.232978855814175,52.49948694185417
272,11.97663703830656,18.23015516673689,7.8326914525913525,52.75063121618499
273,11.185803565604536,18.889717849179227,8.310731963916545,53.04948022894185
274,10.50478099990684,18.671429073336398,7.723892138999049,53.22429301987263
275,12.194154281832144,18.576857174683532,7.942285305375819,53.056937848804395
276,12.101172728163775,18.952802733642972,7.574057938043117,53.514783470504995
277,11.388826913577752,19.14165086267021,6.995301401741601,53.61891827996491
278,12.058845875726567,18.759266720791796,6.775187436479505,53.524706839912454
279,11.51679943572855,18.990145537146013,6.655142593605313,53.97527806782771
280,11.84556815282013,18.85349427452122,5.9346552251747795,54.21669657063533
281,12.14842032547584,19.0974092940536,6.096196677010254,54.08803583272117
282,12.761587320730303,19.283392218718262,6.007299177702973,54.34300793184344
283,9.575657787324753,19.696615912512463,6.112720078075706,54.48960821334771
284,12.548856756291785,18.924325582031408,6.63554222292159,54.45696781866257
285,8.047912200477496,19.811311066346086,7.447380487812219,54.767054050688614
286,9.432391523328894,18.581250364787472,7.143215439180679,54.86405492167774
287,9.774843920332984,19.120843934178996,8.033491039054102,55.031518181425795
288,9.10542136315009,19.627294294636627,7.566012824492825,55.159619526815014
289,7.89101082922462,19.423960899703125,7.93536730680393,55.34551689665827
290,8.059826942073855,19.097901084758572,7.977248091961973,55.44323649311078
291,7.604886032750864,19.526421185345914,7.512410772645191,55.67218710694011
292,7.421591452319243,19.70139967134563,7.108889327842763,55.70752055967143
293,8.860558306284478,19.472583481762747,6.951830986769553,55.87973757861121
294,8.454902453374737,20.038729706551475,6.5709403555930885,56.304344957121955
295,7.575039597170467,19.86528758164427,6.036056499529713,56.068796276643155
296,9.413310224478463,19.58223815610269,6.127889356398517,56.484905225467344
297,9.131729016291665,20.211787610928752,6.035071592035753,56.63446495332623
298,9.999388832687352,19.963162401844116,6.178449478710788,56.57543837761316
299,10.213805460288086,20.22059786705888,6.852175745570313,56.708615249922616
300,9.171004989077922,20.221058433196685,7.178057300401108,57.26837656317772
301,9.855642341438546,19.734492451359074,7.6341403725647385,57.132039763429724
302,11.56076689127485,20.031149922894564,7.725471855219413,57.275267236004574
303,11.785940770018401,20.356692105867435,7.866946748882886,57.55616761085337
304,11.465388056990635,20.307536563680756,7.85340578637357,57.602334732880756
305,11.849378190877662,20.297380506167794,7.9516435401096635,57.59980769340609
306,13.179777928378735,20.24535141681353,7.677327211126088,57.95290590593867
307,11.39747240190072,20.73611758447344,7.4359067434968225,57.984299633288195
308,12.536141171906587,20.22161668368483,7.070291014870909,58.39996615357965
309,11.699920380156417,20.722718770934172,6.704557604305219,58.57141750183437
310,11.514369604341661,20.48681202755783,6.008624944554426,58.674566112557955
311,12.585066502941984,20.48219294315732,6.222559932040284,58.6395175677114
312,12.00098685357298,21.01140968551619,6.129796242826925,59.06274189480438
313,11.62698292215224,21.03664565959814,6.184104177861276,58.98756457428374
314,11.72130218878985,20.999833921435382,7.019630303825144,58.95346348027906
315,10.021003841632757,21.142678904130637,7.254994471678026,59.46256343964919
316,10.26612958965944,20.675117529254813,7.63641130484617,59.7148537624179
317,8.876259957254938,20.948074525080955,8.045344593161227,59.54669099063791
318,9.148595847903488,20.776397502586494,7.918285694909489,59.78466745021689
319,8.383567294677539,20.986298685530606,8.137260660463808,59.88022962426022
320,8.364945157423849,20.94225995339115,7.730138586681652,60.052309613622846
321,8.69304399284661,21.084763781987526,7.553734288216242,59.99846110739361
322,7.192735526029982,21.33151638306675,7.06325223955529,60.39553462214042
323,10.103343484948914,20.89748391722405,6.856896701436787,60.62605098413954
324,7.091869585909989,21.876366347088258,6.629018227898791,60.649057522487
325,7.05376057964339,20.9546422270311,6.028242233165181,60.747295713552646
326,9.67182122254528,20.738196759528293,6.5787471562194355,60.70275691654555
327,9.61609218937799,21.603499722668147,5.871169218040603,61.30116035708811
328,9.81064653090053,21.62309005261672,5.986647395798817,61.244301235207686
329,10.212522127628768,21.516266470831535,6.636193102911162,61.290319687864184
330,9.987753227153066,21.748496525778904,7.095144061322572,61.51573790806018
331,9.51856901014967,21.699401051380296,7.516050301331283,61.62944521751131
332,10.889277844345338,21.452699873723983,7.97715295201906,61.73409800438061
333,10.498408793072825,21.6513970803651,8.01130045235691,62.12576034333676
334,12.461409384372551,21.645924100231362,7.898981894416854,62.218989943429996
335,11.584993426066735,22.057402665745535,7.71507627733542,62.05959081981896
336,11.076615835797794,21.722174188437556,7.519636792350634,62.49479606363484
337,11.667657949083553,21.541010574608155,7.481391606617063,62.582043659385356
338,12.40197524501217,21.77333727885529,6.802913323855431,62.949992304022004
339,11.338388479786342,22.035061754428565,6.276887664610562,62.7251170771012
340,10.909830412002444,21.847924256396357,6.062954332246829,62.80678909276168
341,11.729976862446716,21.81939127943506,6.057221473151685,63.10283074529101
342,11.420537075693685,22.173410765462915,5.891665923595309,63.37003240500332
343,10.30653011078046,22.267183788307253,6.188372784203901,63.568125706348944
344,9.94478507601721,22.166981674867294,6.679407110640874,63.64557744938101
345,10.23204993735762,22.203643921858635,7.119512157783647,63.76110092279309
346,8.136092276867167,22.2211251843623,7.33432216372941,63.84538996080273
347,7.779062939471851,21.66018258406061,7.499996886605445,64.14294206474942
348,8.105985274162622,22.071192858810964,8.013446898087901,64.00812912317113
349,8.300263197333367,22.097778863782725,7.532747700203798,64.53396559065774
350,8.578856758029142,22.413489314297177,7.5824635426667175,64.29053116878671
351,9.573243184359244,22.526260967073465,7.445800461753508,64.69144408619043
352,8.868615832465476,22.862408821326866,7.116804015404177,64.81192809451414
353,7.8510176793000275,22.961444159781088,6.883838527830976,64.90009594278058
354,8.078870759507007,22.727933957041238,6.631360635461308,65.08376236913249
355,7.2654198277933055,22.68664409755652,6.389198024404269,65.30324281474955
356,8.495197213052831,22.240136961394168,5.885642907736414,65.545985896808
357,8.535770856494905,22.789821614377036,6.132124340777396,65.5127012887998
358,9.50924527418648,22.852582808864216,5.947062404482485,65.67314522779813
359,8.756945674812151,22.898924411224012,6.520228611625792,65.70898265550815
360,10.519346514241168,22.770166708912218,6.985888532052747,65.97582345796272
361,11.948562294638066,23.204272969355053,7.198467766520348,65.93099847253887
362,10.70471313769474,23.617750823860884,7.646110131972791,66.25812923030747
363,11.577282226683888,23.12932999230436,7.9406831470899775,66.31237658473262
364,12.176433642665904,23.223206622541525,8.169905361100449,66.47776494369201
365,11.330830335683045,23.576700347679783,7.701387480545262,66.64897425045564
366,12.126205514400716,23.163780901131553,7.712978063316398,66.65273506592666
367,12.001636191518342,23.414497290592134,7.34100556005634,66.95958707541686
368,12.08671988928538,23.31045092432722,6.863729620852837,67.18052719344071
369,11.129103248734845,23.434974604445497,6.397332975757586,67.5735929822897
370,11.756560981827825,23.17961679344067,5.909509355052603,67.44593118327629
371,11.984287942200243,23.54005844628534,5.8848104233041605,67.57690753782715
372,12.626714112379991,23.920570335387872,5.9802947217699405,67.79031921687614
373,11.772744112236811,23.948152968045378,6.23530042450014,67.93545339818513
374,12.569005839147076,23.82642510803789,6.73077682850786,68.08334282188211
375,9.232652437111948,24.54307177000283,7.194893603412506,68.18514286871118
376,10.456497255085155,23.5488633634184,7.53276998151529,68.62175305356715
377,9.369868719586773,24.044788917150214,8.330727769069322,68.78556806081092
378,11.01423242863272,24.058993070461117,7.945224457335488,68.77147866924072
379,7.705412063690071,24.546379325991616,8.075418381079494,68.74669389071231
380,7.42822735025034,23.940111485748147,7.8288164774528965,69.00231143786104
381,7.498494321965675,23.865876034479694,7.904266331775125,69.03870887873359
382,5.887060484953648,23.871391065552224,7.1980066329249475,69.47496316471332
383,7.485201187582692,23.72856210403361,6.585238037249004,69.37671001989646
384,7.338754305855993,23.98170200119544,6.179334295549362,69.73229969840528
385,8.41834297890733,24.09646973873482,5.915490646790717,69.7785486725392
386,8.85546632482237,24.37504739398351,5.869634070191944,69.83443479674408
387,10.700600334630941,24.58270092167303,5.9601050264868976,70.09704970849094
388,10.136950552034428,25.119002371437453,6.226034077442689,70.27599565371835
389,9.007272962702084,24.738327566362393,6.709843838507445,70.28279672543658
390,9.101585328651622,24.25158711626666,7.33897810843562,70.46366640268783
391,10.907742553142034,24.326472812889406,7.668753024005723,70.79267887772498
392,9.493240079130944,24.679804214476743,7.697622028709755,70.99382374237625
393,13.00702927043929,24.455268762646472,7.632321417804983,70.9495733960058
394,12.665729771676068,25.263091162864583,7.949453338035078,70.81479778030494
395,11.262875155464169,25.067299881085177,7.599533735863317,71.14598608827774
396,10.188978503499428,24.67771533495508,7.860637556570537,71.28392576823767
397,13.342916164901958,24.20134701231977,7.389947822489832,71.64925287664339
398,11.874503945483928,25.20900030839856,6.573752988185436,71.97205372788066
399,13.139929344563768,25.03567943721866,5.930836973786856,71.62950815191898
400,10.137623148774509,25.305655465694898,6.218979044046545,71.85359797765369
401,10.886914628001032,24.466980604093497,6.077612499902818,72.3299850495183
402,11.180814204303124,24.973852768366598,6.239271196825413,72.55959843364109
403,10.86045387991636,25.270143525381755,5.834869781644966,72.49088331160264
404,9.965757910156292,25.285989509195932,6.535257105158083,72.48116645435302
405,10.622849932347513,25.214585127136807,7.017418106770313,72.78139686410049
406,8.516556188981898,25.411175470847304,7.4311648375607415,72.92714335314548
407,9.044147228827088,24.88753280451104,7.889241110789346,73.05042962473296
408,8.944725127126958,25.50741951968916,8.151807903982569,73.30204464556942
409,9.028149183103963,25.453820705629358,7.587083454382136,73.17911683946438
410,8.979564070520013,25.62924834857212,8.013450357385853,73.4018139094011
411,6.973244875571823,25.896303877611572,7.671217331119245,73.71962404999479
412,6.476842038527835,25.318230373388708,7.170634371085795,73.81251782285277
413,9.288633031161964,25.235354525987475,7.081748400124666,74.1400256481362
414,8.430200979389276,26.299803281059663,6.396946163582022,74.15217114746063
415,7.519462655874561,25.785342380555864,5.7729328311836134,74.2046283903925
416,10.064862324567741,25.668238051841158,6.273609791166096,74.45383119201554
417,8.940104129707901,26.321046905146467,6.1719150587227105,74.57512316796907
418,10.365823897912243,25.961561618174187,6.204947536709876,74.69467956507286
419,9.651695099774582,26.456635997860403,6.931039127536023,74.81442799383328
420,12.06074792488198,26.071039120051996,7.070995892544553,75.21847231633436
421,12.17116422407872,26.72205398536956,7.7497878338848505,75.20354805407985
422,10.564509137672525,26.733852986463944,7.6531210846774815,75.30902890268999
423,12.147141455539279,26.03881548250199,8.459020678179025,75.36095422542111
424,12.131665600539938,26.40755031855241,8.491792686489415,75.74066930594074
425,13.100682365101214,26.33913186547344,7.77637561887884,75.94399959804497
426,10.937189572010205,26.513953808322103,7.707967748442525,75.91060444386164
427,12.675095250734987,26.266143674820004,7.108280059846242,76.14010566292605
428,13.047468277586137,26.495494601427367,6.971886069777303,75.98434828546507
429,10.143373546167188,26.7454019836963,6.41910669677093,76.5240001687034
430,10.548792294903109,25.944696824084172,6.185052255372054,76.5314936675991
431,9.447057473194695,26.225763115981177,6.295154630836557,76.80951414177396
432,10.906163670140394,26.0698040679259,5.682353855057355,76.96348072604647
433,11.531015541947568,26.65522529850261,6.118773636700669,76.9167660588355
434,11.918180433731578,26.856954932881898,6.173179363810499,77.09075723719295
435,10.074094780419776,27.183994944250166,7.00077996401414,77.21640412311866
436,11.212792163935799,26.85048642917476,7.48347417701463,77.4518651316698
437,7.806425255633503,27.313715551053033,8.026072584231592,77.57194079156464
438,7.1210470560598935,26.646704120137535,7.944395680916677,78.04085339137767
439,8.458162650148605,26.48808276335728,8.259603966432929,77.94305644590415
440,8.652014641370423,27.056823468935995,7.796652593011103,78.16526839944439
441,8.065192219315605,27.231507761548535,7.266958486583031,77.99792580202572
442,5.943514109223578,27.207538961320306,7.0813480621055005,78.03979704801037
443,7.921836169750665,26.54786952585841,7.075951356531912,78.42344203768948
444,6.793417466904838,27.043580793350582,6.614883532368764,78.72756617947047
445,8.937621741261157,26.898627945023808,5.643470042220047,78.77220658095307
446,8.880308595142058,27.43576607526983,5.980597361166594,78.71834057998205
447,7.884549709087675,27.40711780565408,5.787822773663988,79.19527720701794
448,8.672659796511708,27.176672465977305,6.36466354121761,79.16799750757905
449,8.524963096475535,27.41966823194236,6.656956453218001,79.2783824458543
450,9.937320902726807,27.18436310110692,6.842562699554728,79.51289400472031
451,11.370965702136766,27.562079572077945,7.310161015682583,79.50678631183104
452,9.827747239816041,28.056764190613897,7.48470858090991,79.71973548363847
453,11.679617020102802,27.378357504048196,7.8666850679938,79.80365864528282
454,10.95603203258234,28.111382266073395,8.185398188913567,80.01556003532471
455,10.939177975306528,27.647473679051423,7.696322077208424,80.19914818092727
456,11.795082672635747,27.386061874405716,7.763038613025439,80.31833616483631
457,10.95380146831717,27.893225054124088,7.214601104819879,80.56240730390518
458,11.435394485389368,27.627543141762466,6.6924500493592936,80.40997904267873
459,10.704235140001458,27.912880483804123,6.380144456044975,81.00964147937454
460,13.696775940485265,27.70795476735034,5.994440931326578,81.09924167834414
461,11.521553202926533,28.62557194147654,6.033174905944494,81.05854129511879
462,10.475844996592356,27.988149241962585,5.9209165712069804,81.31113145140154
463,11.02745319688584,27.919180021873625,6.609793866200125,81.28184642929713
464,10.303495331944678,28.17914192779934,6.600421143937732,81.90738469303804
465,9.779030400466791,28.15824924011228,6.909732908392224,81.94873967814348
466,10.198343318407918,28.292566960582096,7.270455557522661,81.88353732974441
467,9.944034423895713,28.70124046044817,7.775009975983682,82.09751137679217
468,8.293928347804533,28.666719465996493,8.035325776371081,82.23122496563175
469,7.937892108400553,28.171261349513326,8.12893756121932,82.25065965945541
470,7.992897495279481,28.37171479462861,8.029850866927093,82.51059712263316
471,5.795965802674107,28.587147639519074,7.488874961281574,82.7289349243869
472,6.495765147064901,27.848445360147387,7.110009185636987,82.71655981020903
473,9.37783047670798,28.182040964673146,6.921674697670281,82.88730486638838
474,9.74285468091097,29.11153109970628,6.197669213257912,83.14144069697207
475,8.018913152874749,29.165000482742162,5.774600571755944,83.15692275037304
476,9.090267312100966,28.790117231517474,6.114292304140117,83.25961469427335
477,9.135679649958579,29.010872274055952,6.3283256329106266,83.48465746704916
478,12.265407522303626,29.035328290753768,6.323081763945695,83.73874439411051
479,10.70375152979905,29.784915024756366,6.666700083973284,83.74880709708145
480,9.872082408519198,29.29212664339803,7.2265230407843255,84.12513238772989
481,9.460282941035087,29.08386285833855,7.773825077957286,84.0325471698843
482,9.207026965894023,28.776054552610695,7.987712673819373,84.55984535168197
483,11.379034140452168,28.84076248904607,7.910788149222393,84.69165898609671
484,10.729938905670487,29.22107547219871,7.97209241755542,84.55850777419457
485,10.30979709797119,29.045563248989897,7.879734432528904,84.47988465557602
486,11.255540148347782,28.966582970308007,7.523764876833357,84.86395024841256
487,10.90749578712215,29.01419156143394,7.030293926620859,85.01725243865572
488,13.676185425809113,28.899454717717607,6.677996880065042,85.02723812110146
489,12.783752789539761,29.803576859064762,6.172016619588951,85.2493863513943
490,11.724078166252266,29.890750337427555,5.829106305052907,85.55492799566679
491,12.966233789844804,29.492422393015772,6.220163062124822,85.59564395967844
492,11.25293881223257,30.299803170233833,6.09142637054161,85.792330450753
493,9.952189084823342,29.61678573242855,6.2209248357226405,85.80707984679023
494,11.93894745890518,29.460069869921227,6.94417248165808,86.05006772965484
495,10.53891004368466,30.361148218437684,6.93075915721715,86.3680193265516
496,8.54693046403805,30.162282301921312,7.407141765375392,86.42428396815421
497,8.996188035764789,29.744976511365703,7.984183067112082,86.49711605702616
498,7.948811242030314,29.963735019634235,8.249746416122731,86.84650757533059
499,7.13091061808087,29.789720776565723,7.903611509154514,87.16592151544366
500,9.194126739962773,29.64441277563082,7.876290398715403,87.05150437806779
501,10.007303607879829,30.405689371876157,7.570654907837088,87.15032723480066
502,6.61238863544431,30.61770642050819,7.028564485653124,87.27483935980852
503,8.573925445954023,29.64860983951203,7.062563232029897,87.34209059171233
504,7.447244398287864,30.368553325266078,6.819657066065731,87.82409587221852
505,7.780823808666423,30.03778876701096,5.800009661604448,87.85472750019252
506,7.9213164248063395,30.108539579937865,6.045386426340598,87.77303084705939
507,7.960438725735214,30.24192056747401,5.813101691255633,88.06854373581284
508,9.23504834179323,30.23633328995311,6.05943786948743,88.05585573845542
509,8.75322650195342,30.473397177012636,6.823325139939456,88.13090363796663
510,10.270456825779844,30.398467973182214,7.026267932045549,88.61994023632721
511,10.365585272186363,30.516968136320603,7.285667512662559,88.65680558035922
512,10.574525239285174,30.565562621237287,7.549979813712355,88.80173250638555
513,10.26800684254336,30.5066333538798,7.979424004259367,88.81940861477779
514,10.909518320386447,30.241077239680216,8.028585947848443,89.23081729736253
515,12.487442033394627,30.56870053224523,7.834893799644058,89.17856458881813
516,12.403030220214685,31.0144426169094,7.286936016745239,89.55732267852198
517,11.011488545937993,31.15162013061153,7.086586584164613,89.25804310836871
518,12.088376096165772,30.669814595015914,6.953541831743819,89.68910782596181
519,12.653500155962096,30.87738100919585,6.601776126703778,89.96190663379652
520,10.062645526447518,31.410825393644956,5.7739333159503685,89.99850697748035
521,12.029649843334722,30.671281785216124,5.938926747091715,90.04839302122961
522,10.512946745639118,31.321217828060842,6.210298076465781,90.3992991843846
523,11.38407195474478,30.928564462431265,6.047145387543117,90.29484593685666
524,9.652564225092991,31.275235676905602,7.024519954021056,90.56328748469441
525,8.195117899335497,30.98380157543014,6.9038868440061725,90.67244130649962
526,7.956634180481304,30.867410231771064,7.4205250806019345,90.76343708338014
527,9.234611660509792,31.050195899228513,7.6756059209331955,91.21570075316814
528,9.084151997136543,31.568749836825635,7.73977144407871,91.11812024990648
529,7.609393723940807,31.47903180833782,7.856648883950566,91.14646037967066
530,8.9065416512085,31.116743269139775,8.027960365201388,91.42098623012787
531,6.4363669051407415,31.755666362324334,7.810858693778142,91.91998434298569
532,7.9448764106161365,30.92470004476303,6.864868808769033,91.71146083873337
533,6.799940009500995,31.662492831824284,6.96285133425801,91.70588107279124
534,7.446050859607526,31.3219348814414,5.914396661567207,92.31316599980408
535,8.31534786374754,31.50784551747253,6.197021559944352,92.24090631989372
536,7.653296983761247,31.654749294668246,5.686770382347957,92.41469378946036
537,8.43987395118524,31.643236001071788,5.861914112827859,92.29890551662304
538,10.192819523062827,31.731363252764865,6.140195759899753,92.82975071216258
539,9.007284748841322,32.1348961591933,6.566786629501732,92.96537548756903
540,10.835692112065132,31.539706217814892,6.990663396053149,93.05961151755862
541,9.286116526977894,32.297956143114476,7.393102600947137,93.06621735387868
542,11.343277464066853,31.93831310326969,7.472461967266292,93.28796779614231
543,12.617139125242845,32.47506717482938,8.028872216688923,93.32545020453394
544,9.014645150827498,32.58676096053875,7.771659266262553,93.66172041470973
545,10.935155552098403,31.448285443925634,8.039364003639623,93.80718950046504
546,12.479185159770848,32.10780884896636,7.788993549770133,94.05842093406511
547,11.785998404693553,32.42328309423534,6.969554605807714,94.02591412997388
548,12.360189664107853,32.369265574169056,6.720069601098116,94.24182509359741
549,11.298127845874491,32.637951789849865,6.318422854173316,94.3533422326396
550,11.818640595041783,32.441497766373686,6.059056540299903,94.531256666825
551,11.330612415562715,32.565961528593874,6.220387508084584,94.76731199689809
552,12.34335256624476,32.532929454364684,6.222686420816047,94.77715197636775
553,11.067894129452846,32.91253635982229,6.107833760455111,95.0154576565012
554,10.753426043710725,32.69363821758638,6.365028591029098,94.98855513236711
555,9.588123033877535,32.82863290943241,7.344618333430548,94.99969125375276
556,9.096570394291987,32.71317346084488,7.441880991364719,95.56751215620775
557,8.753968526028777,32.795076595401575,7.703495297949204,95.81856363759816
558,9.21888163779337,32.68991464858608,7.952423501414317,95.50550368729012
559,8.092725868224944,33.21760449960944,7.6979930787075315,95.84342880668852
560,8.557724049327545,32.846592295649664,7.740311743595812,95.94531134297695
561,10.173287766055136,33.13479572763408,7.781130069342459,96.1109285829497
562,8.882080912695146,33.64789907167885,7.208294082161355,96.36524369322741
563,7.68493267709561,33.16891338500222,6.741576150533446,96.3215361940574
564,9.299100889573634,33.190597479985755,6.74952290685518,96.60050453471564
565,7.859873819409568,33.68404856635843,6.052780164610934,96.80925695665178
566,6.4755858138673545,33.14944463238171,6.025374968190611,96.64971519599332
567,7.816343184497647,32.745261711169135,6.219837991283599,97.17241227139479
568,7.3157347928225445,33.1491680284952,6.1257118700356115,97.3666446304436
569,9.232663134323147,32.73250783800359,6.1308388441466315,97.30604166849918
570,10.018418379189557,33.34164068705298,6.914614441279484,97.33705849707954
571,12.09226069391078,33.63495198171905,7.0620864575436,97.72001874772494
572,11.140400659915771,33.977502251365664,7.6246671807134465,97.68597426641944
573,10.956469975776068,33.77743400534592,8.00585150482258,97.99073018289894
574,12.315695232138268,33.498611660895,8.076164104724317,98.09298437898155
575,9.520915498560987,34.0454646725984,7.912518142191313,98.41371494517944
576,12.13772759069887,33.133095259067886,7.461931787125306,98.4539499668596
577,12.759908984623513,33.75917118584202,7.647269803479803,98.5201428076309
578,10.510457544956706,34.24773349361181,6.280748762045561,98.74813999234624
579,13.045867075797236,33.43296496858625,6.504135183087984,98.67512256642242
580,12.070547215063305,34.26210096926064,6.442300569729241,98.95007513373119
581,11.071001737053985,34.17160584197141,5.723320726232486,99.20850361942723
582,11.80835237069125,34.09027736077263,6.382066113680737,99.10676955819723
583,13.08416614395599,34.23825237793405,6.367029226966148,99.47276094996438
584,10.597689636694032,34.88737584232612,6.626345692954554,99.8570019802784
585,10.248220586300352,34.347441526550604,7.047639361458656,99.90150688021656
586,9.124815718824252,34.443776736616414,7.941519036713319,100.11412263240221
587,8.336682344383618,34.22983588566565,7.911256664788838,100.1459059081475
588,9.654765311959308,34.108343905252234,7.974754829515379,100.27628822887863
589,7.657626523136348,34.616341722898404,7.790498707307787,100.23165432734525
590,8.339515429650518,34.25178924053198,7.670733683196214,100.346454323603
591,7.6202295206445765,34.464255969967255,7.607586429591752,100.4769996998951
592,8.489936035009844,34.164567717621004,7.05263277767541,100.92841886556177
593,8.344618314550399,34.83734992813969,6.864385704631034,100.85083384424412
594,9.135426911667594,34.890492115694705,6.105225212771447,101.23377356843379
595,7.757932793576366,34.82496873972318,6.2421022149682255,101.1902917463531
596,8.243835413751826,34.54602200987258,6.125575647529391,101.67242075763859
597,7.845665779632734,34.83095294551251,6.178767815759281,101.45554300999787
598,8.742233453772275,34.81212043223648,5.879779447047685,101.87596391700042
599,9.96147711140935,34.81879139274471,6.52116509475519,101.8173330743901
600,10.75698861664534,35.04038985379054,6.968400628569824,101.8731694728175
601,9.493658057457887,35.25880694088312,7.448019374365304,102.23553697453158
602,11.683079206257256,34.960838044661536,7.7181884930010956,102.35183832830906
603,12.531208363389894,35.34628535811925,7.888685410220838,102.41830660758032
604,11.89972455417847,35.52677215697646,7.972995866761808,102.49202414102467
605,13.608846620126945,35.325756118748906,7.9202603797734215,102.66731912623298
606,11.128323833486727,35.76770588294155,7.664881880569332,103.12502158249883
607,10.744389087425128,35.13013027186841,7.190930823095803,103.08540736485647
608,10.21032354183227,35.18907143485354,7.054259303181604,103.27212880036149
609,13.398157344079495,34.94869185264032,6.219818444374765,103.3772210354402
610,12.386416463922929,35.92357794323413,5.786860851417766,103.34560060475353
611,11.430704980044341,35.71712857001466,5.794399835904633,103.61626499510093
612,11.455539130904752,35.4270055178572,6.4305777537732,103.57993637125603
613,9.687984238853257,35.822301565610665,6.42228451566533,104.05673105866194
614,12.861575361252322,35.35456956610921,6.3756981005960585,104.17170909873755
615,10.12922118197526,36.465677602525986,7.0832317859716145,104.17554533962749
616,9.693571412969401,36.158077111377054,7.198826251218351,104.41389429267959
617,9.912293337747116,35.912693729218034,8.232430825949159,104.50669570722022
618,9.305438727151786,36.04255088216009,8.232736831993186,104.9641338899149
619,8.737594373324358,36.05166700990046,7.958720753021248,105.04141855862345
620,7.47747473698582,36.182009778203415,7.959755488721858,104.89092753336688
621,8.569355324545693,35.82418470442018,7.694513498694287,105.15689507484942
622,9.892980705738488,36.09761270930906,7.4626997899545,105.4623054862454
623,9.356376255418429,36.80653024240004,6.727049785816835,105.64462606813699
624,9.691073594049087,36.5368116052926,6.489688042030525,105.44059116686846
625,7.756733515999933,36.915285765613575,6.53627540444852,105.81294913110179
626,7.524105528786627,36.2546401036421,6.348610982327634,105.86435678097773
627,8.698642575315404,36.008386364356554,6.4890912226689395,106.19123377690396
628,9.242251626137094,36.49036556014362,6.143530445690514,106.56866047279831
629,10.67836813683543,36.47350302473935,6.528632172550651,106.21725404619623
630,8.307535370285184,36.91353482305351,7.124009663340076,106.38806030262535
631,11.945373701096138,36.090733892814995,7.376534055806568,106.77376804954581
632,10.65546538757262,36.9742294303391,7.94331642256958,106.63611417456225
633,10.748689434637535,36.538242647194565,7.7051544064982345,106.96351541933961
634,10.47418527569463,36.674931760773894,8.265378033098488,107.0615535782262
635,10.077194135703088,36.412891154211295,7.818700218664314,107.29414494188767
636,12.725283616552227,36.26317815211607,7.603875176101081,107.35835582606859
637,12.062361757924947,37.001438917253644,7.175642120802211,107.63002165707633
638,10.699082890995497,36.96435529671587,6.577149515675404,107.73084721348896
639,10.607034260526701,36.769264222002,6.522141657186238,107.79132326649656
640,11.396266108278764,36.504723076955486,6.266718832321844,108.0088850011944
641,13.155311176244162,36.95168653588024,5.793784247480168,108.24028150599328
642,10.915979153221361,37.741928513128364,5.791570034872813,108.20475481924926
643,9.310330333033516,37.06415845546635,6.3787977310240445,108.39092627784476
644,10.170080317549594,36.794294293689546,6.95661587526196,108.59790234564568
645,9.727276430252347,37.07003772795953,6.863731680417882,108.87704215681008
646,6.8872899754229255,37.26101363879647,7.098104330430205,108.74903773604815
647,9.1322318473306,36.522219580617076,7.526204158518864,108.92002706866211
648,8.593494965206384,37.48228453961264,7.849188508760258,109.02952418822696
649,9.209916713858636,37.49945824609387,7.460802833879516,109.19443863573437
650,10.11690528737647,37.96781827364589,7.7748394256341635,109.30926726290473
651,9.224451996957452,38.16265014580497,7.619022033343759,109.63098493158374
652,7.742067518708622,37.97054914052254,7.578830372383957,109.89040178454704
653,6.904430300521783,37.58877182299128,7.068902778650524,110.05706295135991
654,10.671246770659554,37.33272559809643,6.786472624385227,110.25367233149818
655,8.327167626445613,38.55585632532113,6.148316898863088,110.45785635452842
656,8.527639640958126,37.78822538919045,5.888171522051995,110.45437142893273
657,8.80030440830506,37.871024885200846,6.466673823512313,110.42159942726654
658,9.384611474616268,38.024522227427795,6.335242930743543,110.87946047269544
659,9.439816206440497,37.9087711717024,6.496684898005138,110.92135834154774
660,9.426337993119725,38.07067973253572,7.163738086540289,110.96351362995414
661,9.868964440395146,38.00961290466992,7.399183280076607,111.00611774137809
662,10.78072001593557,37.924135464928774,7.840877786997282,111.31014997202523
663,10.632145733451155,37.92798852903434,7.809264798534608,111.7105492879882
664,10.773443868277642,37.97619036995043,7.799496190097875,111.51249037177985
665,11.838481035260761,38.16584571985296,7.792541343030396,111.59743181554191
666,11.647135815169445,38.329642262077684,7.35866467384033,111.90488986798034
667,13.493036779319233,38.173576611544256,7.203739751939471,111.9896873870254
668,9.33807398234353,38.80072040445199,6.6731598857827885,112.31639848873083
669,12.993619884512775,37.73877106013256,6.39117813590076,112.17896978482396
670,12.978136000066515,38.882125412396874,6.251154507409909,112.56130277623127
671,9.412899418546647,38.899932347832326,5.633970734479211,112.7571402261275
672,10.832882910504606,37.941300489096086,6.340781824507569,112.63932520276748
673,10.442032420155817,38.50801790687151,6.397137401379034,113.0973905721686
674,9.008311686917704,38.496326721751416,6.2562463070903185,113.26200645034578
675,9.222183312409129,38.489284060531595,6.94085497045626,113.2056648470762
676,8.473600772898653,38.534422946801605,7.230648490507372,113.26115335391665
677,10.938797157272022,38.6385430984428,7.485859793388733,113.55880362472651
678,9.760107888562558,39.57781273821933,7.595447715208841,113.59079319915581
679,9.785265444039368,39.330534607759034,7.902612759163922,113.71285975335014
680,8.989621256474353,39.338304497226446,8.116232769579828,113.96781323968543
681,6.968835196192478,39.30687462824664,7.825640436892062,114.23441491223203
682,7.486435942983684,38.75886490799574,7.384549567545443,114.51600112179517
683,8.500330770491372,38.90227373404306,7.0141273636740245,114.51660337714205
684,6.8757591585177344,39.37924829654054,6.177329142556016,114.57819307650124
685,8.980947622603491,38.765457678216436,5.952394058006704,114.61625663387244
686,8.273384950887092,39.632667467897875,6.186214152984876,114.84256238907494
687,8.449608687865476,39.23144065082272,5.791723893543127,115.24406714555246
688,9.897486682051863,39.307669723322405,6.488071250979587,115.16130297534124
689,10.028439929850494,39.691616777615664,6.5690545063986585,115.35665896221492
690,9.639033834180951,39.6073884960754,6.791044621672763,115.73896863070198
691,11.575153184999744,39.50037953040181,7.627385577643874,115.59767475238093
692,9.732409958551683,39.900308575347026,7.868824802523983,116.01475214267475
693,11.791506111529195,39.412810731465754,7.81961592167858,115.98939559031442
694,12.07939090892316,39.75018271405861,8.150298993209068,116.1015475984302
695,11.42250436825488,39.940568335345155,7.719781113901136,116.39628864155677
696,12.228246054832422,39.90102896811164,7.604445202287471,116.46624752805323
697,10.737930214351243,39.84780677421208,7.355638688681716,116.66372576109688
698,12.913070809943449,39.456891430031924,6.995842368232345,116.84858501437482
699,11.71721089614732,40.27859889072796,6.51907548500206,116.90296465078812
700,11.209327787049867,39.96248753726106,5.736887534891604,116.98662898373797
701,12.535298876791677,39.92824610377165,6.264844438099108,117.02415850617757
702,10.471226814042184,40.46362148076584,6.159329338015026,117.49454251074461
703,9.405011989788088,40.00216903969335,6.222483688854478,117.47577312186131
704,8.859194208111663,39.888431595286555,6.920534287902251,117.69328406474142
705,10.606009951345628,39.82399311363568,7.112528468386095,118.02803572823468
706,8.303747265868187,40.45767721994184,7.322166554858443,117.85894001001178
707,10.941320895832803,40.03312856437139,7.512471553222946,117.93165869453365
708,6.742500087531319,41.11642644808483,8.150171695668737,118.09132635909837
709,10.210166717335236,39.81215780299663,7.8188878173007925,118.45823386575032
710,8.478966659633759,40.911483980019945,8.29827157696385,118.3794543447113
711,8.00117385553931,40.724013307089486,7.169938510519103,118.9557078240527
712,7.466037122454502,40.558947950043525,7.611143414712913,118.68138214592354
713,8.410092323615523,40.26925731935591,6.814653426841757,119.11286503730062
714,8.060252264984838,40.90448300202067,6.540820290201473,118.96869239542295
715,9.371251074447661,40.68517677067715,5.9555154002031285,119.16723448326327
716,8.627937997707237,41.12193723637454,5.988237288363933,119.35506193628846
717,8.974731256876916,40.91746632765552,6.046814475410275,119.32894534960316
718,8.822914501634529,40.96414049641647,6.240014865582157,119.79599104463864
719,9.527230994643402,40.91186151804975,6.6962939552005984,119.82936831287935
720,10.307801768892046,40.939367675826695,7.127007446148769,120.36510890252762
721,8.705654988978884,41.19365111048523,7.3246179583404345,120.43889678157167
722,9.465287864045829,40.56099481444462,7.719120200568927,120.25478555481254
723,11.918834598607658,40.819425421457034,8.232662925961316,120.42885216087976
724,11.657155089082728,41.48451597660812,7.620544113608852,120.81177775848425
725,11.548067471216198,41.20771576123392,7.561789897953,120.77496170345772
726,11.920546965655701,41.353403210711704,7.906661178503604,120.61500212599297
727,12.336625496098218,41.301933835408214,7.378799866611187,120.99321286646884
728,11.449284110427184,41.58508029143661,6.824499802794039,121.20501604709132
729,11.123808307188009,41.32480082724733,6.48452135249333,121.42133867670393
730,11.927896062666553,41.450326950058816,6.379170362630613,121.58003677449915
731,10.507916873339747,41.586406978292125,5.856110177726283,121.85665618755438
732,11.58382326029945,41.27155648710367,5.970609070203338,121.62441620015238
733,9.110889681913795,41.77053386612557,6.4017868128133255,121.68354017230557
734,11.444979018961142,41.15890694044522,6.564698677057272,122.23844487829261
735,10.472597482413077,42.1387408813919,7.128608405692742,122.15852339832254
736,9.840206352678386,41.78014818388026,6.994099371992698,122.24776504380469
737,10.169217697793886,41.82144067837953,8.175095465482496,122.3964067670388
738,10.489903939877651,42.088027003025736,7.8860483368421015,122.94902596016468
739,9.528080414063359,42.54467309253614,7.943872524278848,122.81677153420995
740,6.427074961099489,42.47537235676363,8.013075389048852,122.93329084363018
741,6.81831000067398,41.487292808746766,8.100005149885598,123.19154958776376
742,7.386137631567776,41.69924473766029,7.578532702531177,123.46866067455245
743,8.037047259474285,41.96955964300261,6.495950544466501,123.4668169069824
744,8.615545987878813,42.32401514532407,6.21809044331552,123.4104131645543
745,7.542205379277652,42.31256239272168,6.0300618488814814,123.72068653203566
746,8.700477113522284,42.106113754327446,6.13570114327802,123.89001648584473
747,8.069046563061727,42.503549792321365,5.833524911568422,124.1186955257721
748,8.57500891085645,42.22349453728798,6.110862681212088,124.01569163347554
749,8.17751552151626,42.28550282076229,6.709525425808698,124.26976651913174
750,9.076766753889098,42.17810628020225,6.778995314010844,124.32719365329214
751,9.064138776019135,42.00270679686681,7.3466706673142825,124.57598966505871
752,9.837600033174272,42.26228215026819,7.529561471500135,124.91737917377795
753,12.229212301192794,42.291830455794056,7.7982281642467886,124.71950102868044
754,10.536890762122814,42.83302924929671,7.949193158050678,124.97566591242249
755,14.364432872406246,42.516300593302915,7.604543120349079,125.26229250119242
756,12.395430933471202,43.72708047396752,7.6525190307138145,125.42093720009244
757,12.173879914431415,42.9842505188015,7.060297290238707,125.53148979374038
758,11.130686010555337,43.05073829182876,7.303170645946821,125.57135900271659
759,12.602422911999291,42.853720491744504,6.512267557391219,125.85496780051854
760,11.15641298133109,43.3415844091811,6.148589364424043,126.05046429281467
761,11.608299465600169,43.04130510506581,5.834648866184677,126.36106279715406
762,13.735655042853763,43.2108156935008,6.316165251603526,126.26362540676072
763,10.71741338642692,43.925568725370795,6.314591195984293,126.55393331737632
764,11.565096707921217,43.01098544889289,6.5793211970586585,126.65738130600889
765,9.296823574874132,43.57017574907271,7.554876778298719,126.7444615617791
766,9.549188127867536,43.00472241293062,7.230170139494984,127.04053850532905
767,10.957327349483924,43.55659772460069,7.960566798724807,127.06451216024203
768,8.197462437627296,43.91365160944743,7.855924365314764,127.30983518481497
769,10.326158907042148,43.27423036334212,8.115119273658319,127.31590516849751
770,8.975701127886602,44.098883105003125,8.219690460667008,127.45002045195814
771,7.535420191515427,43.76668582527389,7.430680505908992,127.92081722498565
772,8.643363948318974,43.60076507127479,7.547594895476828,127.80904472047963
773,8.983510658890177,43.777457385543215,6.901513861258596,128.03076209253646
774,8.719696929626888,44.01122708041174,6.338015955818379,128.24556794804943
775,6.697724472540669,43.86229593009536,6.192771611229907,128.1734747583668
776,7.78657317322031,43.196930332910796,6.037352522992403,128.34378795192194
777,8.57691085986351,43.57068193816201,6.067205667047833,128.4856552146347
778,9.112093284748363,43.82204072962971,5.866525824932122,128.52891112232106
779,10.204848715915173,43.88473974881826,6.400054544571881,128.73760072065204
780,10.177701000933213,44.11695953127782,6.929074693190706,128.73735400163827
781,9.080479022925436,43.962678553912795,7.36140407238076,128.99353257418247
782,11.193671137157583,43.6910861351241,7.8612646960527055,129.07117882229778
783,11.78615624986874,44.11358731789869,7.986115356056071,129.48406455539697
784,12.046080098885806,44.45918131995411,7.684197053757909,129.59967278098512
785,12.812831533123513,44.42618110967276,7.723857708984724,129.59319389765693
786,12.736035187139203,44.478479067719896,7.639089603040649,129.73573903056618
787,12.44822386996498,44.569255738659685,7.264900064501949,129.95001314556694
788,11.918878079277901,44.46253838320948,6.863983618032548,130.26723259873964
789,10.241152099074322,44.460867737604325,6.466768584283607,130.32504758234404
790,12.161669026701471,44.135756764547516,6.041885959716264,130.5529583184309
791,11.693977338117909,44.49136821877521,5.966386664446904,130.52569884315645
792,11.447149341780332,44.67380891406368,5.84854020444475,130.79998367506633
793,9.536724710331299,44.71546037160196,6.281179052371276,131.0001661655289
794,9.334766841227264,44.38410943489896,6.581806400051565,131.16934945448932
795,11.053152853332966,44.44700270070129,6.997976440746762,131.2055628245191
796,9.544621464507829,45.04074892282599,7.124532473130438,131.4240217298247
797,9.868027411221027,44.80622806027635,7.55820252886069,131.41353224916534
798,8.852747871545514,45.02484762353144,8.010663006571665,131.6240817448061
799,8.543466488540993,45.066096226699,8.025571512858203,131.83976312579188
800,9.206232998407117,45.01105800671592,7.762347328709888,131.99578158892328
801,7.5818422391923175,45.5216042103681,7.621480021066619,132.12965373705603
802,8.107076986204442,44.93912050015333,7.244657228766529,132.2137351122926
803,7.548680920558413,45.10799555639125,7.093434287035338,132.36138503472634
804,7.663390739977382,44.909945974127204,6.584990414197559,132.57991183645265
805,7.958777068962465,44.93933716414471,6.143751932507121,132.6586813928747
806,8.7358441206789,45.048834768658864,5.7310402294238525,132.78035629315204
807,8.345680873751594,45.44335279659126,5.852999357482773,132.95377822646032
808,10.44228283942189,45.30724791582396,5.928531402371255,133.03041916249117
809,8.689569316144949,45.66860776746885,6.641215059949253,133.2666403208124
810,9.813128355838614,45.32112164074176,6.861043143794267,133.52098486250154
811,9.97609232336132,45.445632401583254,7.6294403311130985,133.39798653342393
812,12.260451170505313,45.482759983716306,7.580863782462882,133.9495387643056
813,11.372125281096503,46.24531542813167,7.876759365665571,133.96915822263946
814,12.51813419042345,45.84865036454003,7.8606221014576105,133.97127803671748
815,10.246490434531898,46.032700297050006,8.397099795848776,134.2358847974596
816,12.169163298459562,45.26521266554738,7.644851194404708,134.52649762903397
817,12.878674586359983,45.71493353962785,7.560787573395695,134.5851233671004
818,12.071327780011972,46.094973906762796,6.5526310847225036,134.71540297967766
819,12.96759340765566,45.95357217289986,6.379381544217779,134.5752145245562
820,11.214762357468507,46.220926159804485,6.2878322550049885,134.9430892901339
821,12.895637091140408,45.88168776826066,6.047001138193273,135.19803195469095
822,13.474468628204196,46.53048942035155,5.9887319216529775,135.277801883157
823,10.450634725711938,46.817183838904974,6.127979496063927,135.3070683570201
824,9.970320860234796,46.02614817378576,6.936072806253516,135.50560118954382
825,11.453384477117694,46.13321471077644,7.395420584995578,135.9121652787807
826,11.163748764095184,46.780209408092254,7.161906562666906,136.05692223656158
827,8.663666686695173,46.71483173597493,7.667833206885483,135.9734565156276
828,8.40424267831923,46.384235229828654,8.40959271277604,136.10133296283036
829,8.231925740184693,46.31408514164282,8.3381101085067,136.64861292932056
830,6.923498681396864,46.41734957963633,7.850366140745042,136.5257902101863
831,7.179235020925505,46.217486289015376,7.601381264984,136.69300812869662
832,7.0068154425113836,46.34772602918109,7.12167073656273,136.92448767694654
833,7.243158644159328,46.44407143336571,6.422192923908766,136.9660841811118
834,8.063202080022903,46.498373146988946,6.168403766403249,136.93211110680636
835,8.50216392496763,46.67835079631992,6.166706333085816,137.0962881249481
836,10.06421084185931,46.90641477228157,5.857102684642159,137.51362722235166
837,7.826075454676246,47.20077752711216,5.981615563559291,137.35062488392506
838,10.170849112324966,46.61134975835602,6.290720218264045,137.5720689035823
839,9.370187774138955,47.24197372047853,6.9941435321487795,137.82123161901904
840,9.950536290347554,46.9149916610051,6.989405746549802,138.28354207822142
841,11.09064287380211,47.02230713596038,7.80379889870772,138.18940990378843
842,9.690751264589293,47.11426094310022,7.67623530104044,138.36280852447751
843,11.557980250768992,46.75831090275722,7.9640032467460875,138.39346159017626
844,11.652741859167842,47.324007413969326,7.851414206286325,138.54261560957426
845,12.224502071577026,47.31592130166366,7.778705388050596,138.62063033733534
846,12.191281676498107,47.34496786510985,7.545411745547321,138.96037355630884
847,14.444343930647442,47.563321377258816,7.269142028192214,138.89708375550177
848,11.351303806485229,48.049972557151825,6.709338775484861,139.38231189563325
849,11.371116077588503,47.35562372477728,6.481320891388986,139.40336939345218
850,11.108910281144135,47.383420349686624,6.440231887401706,139.637796012402
851,10.930812531794526,47.298435111088196,5.888064813430511,139.72896488551993
852,10.538183377278417,47.61088795351288,5.925083423201927,139.73961990932202
853,12.002489817259189,47.3394201786324,6.051089361682986,139.75593319253278
854,11.836327629625355,48.148620376693266,6.683129520209973,139.96134609800814
855,9.429253706250503,48.276209506201255,6.703165827873208,140.33253887203878
856,8.751821045260284,47.5617140909675,7.697963011793116,140.4125234147682
857,9.657942270234832,47.73953985807517,8.180666444428683,140.55602533410203
858,8.272206451134059,48.016420015456035,7.756765334424318,140.83857856056403
859,9.14664216680074,47.8132024496437,7.856453921138614,140.75992517643968
860,8.470872213282433,48.215911729203775,7.91282495054004,140.80339239361768
861,6.582142852412468,48.09744603210834,7.623679242914778,141.22392259075045
862,9.558461410593516,47.72635759281681,7.356869491435378,141.24343701488965
863,9.806833882358973,48.69360043245425,6.767434498986497,141.48891282542712
864,7.485098276925303,48.563910104604844,6.236416968516427,141.54572179523905
865,7.880247632495132,48.1965974171425,6.349905640704469,141.59966147365637
866,8.799575739770109,48.01744033321564,6.291960118438925,141.98266114872064
867,9.158886285402073,48.539014237651635,6.057762664760521,142.14468507064046
868,9.845070986521174,48.61300755067887,6.056538527338058,142.1682355856072
869,11.59438115713083,48.538466638780335,6.622813319670456,142.1963918906703
870,9.823052772505951,49.06197993283445,7.039136438178974,142.5407002899902
871,9.617526137097068,48.38634536490319,7.513298359978592,142.83183030792063
872,9.434154058137025,48.33901872360959,8.203230835426933,142.86025001620342
873,10.444640464643033,48.20540080317707,7.789132960534191,143.234851225795
874,11.453162678080998,48.55868704124436,7.883771799889176,142.90190540969616
875,13.526608671086644,48.87109278274982,7.390563183830495,143.21751421393165
876,11.384501733554139,49.477935740134335,7.444535703973357,143.09942856439994
877,12.212831742375448,48.63849980763132,7.277461467180546,143.33899625920714
878,11.972620894663798,48.946214198117225,7.107881411564693,143.64966269498336
879,13.090506306038401,48.77672931195608,6.191663994807388,144.094500428294
880,14.258983233442487,49.2759309753848,6.094925159438992,144.01167129027277
881,10.955420878034488,49.904564891071836,5.930734964638015,144.15891412330026
882,10.686131062066748,49.102297650478725,6.195769167095084,144.1170109704795
883,11.857634163220697,48.87973328005655,6.54577098583319,144.48544242762688
884,11.097714871261854,49.45400183720543,6.382571931947907,144.74644517396695
885,11.846707325736055,49.451926871192,6.777153450248186,144.68620595644668
886,10.168104803690465,49.882028313602774,7.604906404004397,144.62520614088015
887,8.827234623061303,49.44421810360563,7.589550463920098,145.03474024238704
888,9.415084326107374,49.3346184772103,8.250300486841649,145.13184928380994
889,9.622413929628127,49.5798125145006,7.998427971879907,145.5219636648465
890,9.088431373628493,49.83116584708704,7.965630267931463,145.2853889217916
891,8.605160998516991,49.85077307915958,7.627170579821553,145.66933732654667
892,9.07763089885261,49.75282443631328,7.444910097544083,145.83044575453044
893,9.180251799709126,49.9263638178241,6.986677870686737,146.13036947663275
894,9.480045958447203,50.03982769674112,6.290852761514823,146.2507289725582
895,8.916659080020766,50.15581140139072,6.376613608573188,146.26272691685494
896,8.34659226872836,49.95761186328868,6.230914373222027,146.41731609260995
897,8.971143181848335,49.773984969638235,6.343257188506725,146.44972061557598
898,10.393035680356766,50.10387882298048,6.744046063139452,146.77641461852613
899,8.767240947377257,50.36804463474663,6.339243044757292,147.1465678303381
900,10.368673308872859,49.725371266900915,7.294796958764349,147.04366868449245
901,10.022484569308117,50.230297433112945,7.628818671983706,147.33984706742538
902,10.842218109086435,49.94861640732619,7.607100476058255,147.43556383519183
903,12.454022367192215,50.27593591063911,8.054683751632783,147.43625750177478
904,11.67738871897467,50.620499778002,7.861268106424188,147.58556416949446
905,11.778487355725009,50.29659950600555,7.884603657344044,147.6834037384569
906,10.542256891610396,50.35870265702788,7.8730359926509506,148.07300632877562
907,12.735297356763764,49.784955542499176,7.084154024753946,148.07330462213972
908,12.634527971877624,50.51119932291719,6.902367820151165,148.31244090508824
909,14.065367755895757,50.52425275370242,6.031568632718478,148.3641578070401
910,11.424272572615887,51.163270726468006,6.087687256061847,148.4805679210547
911,11.70543997861874,50.63091802946261,6.005028471053597,148.49041492140987
912,11.424954188295713,50.88887511291845,6.572620841271904,148.8552188651134
913,12.390926565915088,50.78862021525731,6.25187248349854,149.08689830673433
914,10.320527849248576,51.22332043142349,6.802433786496219,148.95921817053264
915,10.279021525770347,50.541305566868644,7.010076501582826,149.35270593948056
916,10.192073128081082,50.829439077757705,7.796521086922198,149.50703189828235
917,9.373135837004762,50.95359057772414,7.686478939477597,149.62356027164486
918,8.377995880864527,50.8938979771218,8.153580846279414,149.5289032549871
919,8.707800341943557,50.79925553377637,8.03911984745284,149.91840332065993
920,9.341580942290893,51.01101794009978,7.929229670533305,150.0104637143693
921,7.071371667998631,51.174159543920354,7.50714532651218,150.23032294374238
922,8.143925883410335,50.866836435788436,7.344109633063976,150.36430994569918
923,7.3108353943242745,51.08261659967009,6.794700796773625,150.4998238576852
924,9.292933596334539,51.01388844192937,6.346817140468305,150.78759180366967
925,6.744762287647355,51.81592225565245,6.074074826405934,150.75001626763122
926,7.954788501773597,50.75110546940623,5.887392352078499,150.8413977668281
927,9.201641370479546,50.929294693543895,6.397672085541142,150.84043691840498
928,10.752050743082762,51.48456314033135,5.952742495809024,151.30903422707098
929,9.518426357291462,52.02975317227016,6.329217268738309,151.19689691851485
930,9.44480047330677,51.676109667100164,7.072209202515831,151.4873499827241
931,12.296980451076138,51.2604851825468,7.912400352194142,151.72487904306752
932,9.365459385735333,52.21401704315583,7.9473555942989975,151.8858261523454
933,8.976764547964848,51.169064784197126,7.864263085072915,152.05062626921665
934,11.926304101008109,51.02976337758356,8.317378168659385,152.13444827006833
935,11.229996583216257,52.1464386697177,7.4885401914798875,152.5326346106566
936,10.88088021545959,51.49908669985471,7.2811733346663985,152.3434090040327
937,12.697400238035899,51.569004121010245,7.533379571901373,152.50230807846134
938,12.232844504507753,52.15927625136636,6.758807396670226,152.83524191346416
939,11.33803440185358,52.1317188466253,6.183219157716757,152.8782236738068
940,10.451746408897986,51.84057472612607,6.266585481499339,153.03391672755043
941,12.358746979234974,51.696713734349146,5.9505609963543655,153.07044494891656
942,11.825771682543607,52.32257234174187,5.914041208774401,153.24149812294567
943,10.714297422372216,52.371973047512114,6.144540466190037,153.3176121776111
944,12.262460377683182,52.135928013316445,6.680157224046503,153.5903416720918
945,8.9299152336739,52.8661482877999,7.197231808027297,153.90758659785584
946,8.058651447439734,51.9420135364978,7.3492431404658936,153.92234702649594
947,8.494618643967147,51.9300524881128,8.1452395009795,153.788419102739
948,8.77884347905959,52.189501297667135,7.621495499212248,154.31438417775317
949,8.75704979836793,52.54892922017057,7.751074333199346,154.31181064992364
950,8.026713134574784,52.56786246243796,7.440612585294635,154.45562017842587
951,8.449942363924,52.300325935822414,7.628453168578645,154.52176590095365
952,6.759416785073013,52.83180876902569,7.085581843909055,154.78570315434607
953,9.454720813336715,52.18396494265661,6.762883322330346,154.77287905070145
954,8.015735789017114,53.0677527473571,6.629040744399415,155.13630501843573
955,9.385245024019238,52.66578851707788,5.901020660006146,155.254028318042
956,8.856435695422899,53.272632558793525,6.378230375761925,155.5253086652151
957,9.28118271456882,52.73925018251544,5.903524941869083,155.7586578025918
958,9.756293994080584,53.35080081911214,6.71517102959026,155.58794090906213
959,10.031885178381778,53.22653586497627,6.620032622859487,155.96994663546946
960,10.642722759867471,53.15663645941811,7.246824962745313,156.00381221842215
961,11.744975911767936,53.23732742789864,7.686220176779842,156.22485603726443
962,11.00999445585306,53.5273011665255,7.72649734988709,156.52497391177988
963,11.884574262173452,53.261068593748384,7.981001556881564,156.46648210497386
964,11.396553956667558,53.47722268587156,8.190043622959601,156.5391444844432
965,13.172168023018347,53.278639738314176,7.8797687892270645,157.01603564924096
966,11.225720730531037,53.740993232760374,7.648463099539384,156.9157489003139
967,13.789984223647357,53.12734846735149,7.347403840515852,157.1514700845019
968,11.948885840092204,53.9251548015079,7.030798808801475,157.19700361082477
969,10.471337930472258,53.41846178677143,6.313874324954102,157.48173583483864
970,11.86015522247969,53.18414447905129,6.392032340478954,157.49440954670973
971,10.8052379934799,53.64778699670133,5.804494846639731,157.56414635942994
972,12.01621405357366,53.10164563929111,5.886435906974767,157.91941713503786
973,10.160849306849249,53.967783142349596,6.124301875001394,158.01644975810098
974,9.969639948420777,53.52368642568116,6.287387335890282,158.00858814373893
975,8.110459269054449,53.61427409439098,7.053838381526495,158.01559438041565
976,9.13187029911544,53.19428593540746,7.499676098407545,158.45160340159927
977,6.762647387219474,53.82671937622388,7.752845554329431,158.5968776201061
978,7.240526671929355,53.2675888482236,7.598203456666763,158.74038473879926
979,9.27412500518949,53.39754138617192,8.106924188868064,158.72882421054405
980,9.053749351081969,54.268829625555746,7.401947114972037,159.09316150054138
981,8.523344529194665,54.188574374141126,7.310658021862655,159.11096248442504
982,7.043980066134236,54.089675452056596,7.389190509523041,159.24517867802942
983,7.963244853121472,53.79723543460224,6.901634941800299,159.41644955115171
984,8.094284428319119,54.27192594039568,6.533255368952174,159.7794039293415
985,7.109584503238573,54.344231742810436,5.9955650672548915,159.96606578343352
986,10.017108650812355,54.003799135251974,6.077506035151639,160.1641631775356
987,9.701791785990718,54.873529069214946,5.9399937857682765,159.9717450324347
988,8.96556254001873,54.714826515884205,5.983130026145835,160.1791432227891
989,9.611062457358953,54.31956258832881,6.8951099050935385,160.03188293478618
990,10.208382807947551,54.55125800616575,7.198233146958182,160.6696911936014
991,8.374088513211229,54.69255579490704,7.215453823605692,160.67786705283862
992,10.566295903630953,54.06290867245407,8.015067296734653,160.9163887927512
993,10.493586256587152,54.69473812239129,8.188229398764733,160.98363526735608
994,10.484669641059877,54.56623511032077,7.732478930879963,161.02662355453822
995,11.4509505146829,54.484658817785686,7.900071963347608,161.09658891122518
996,13.699799559439816,54.82268493596586,7.486305421494854,161.21300162492804
997,12.62988665200356,55.38665383212995,6.953515135486932,161.5807780456302
998,11.417864800953748,55.004065393257335,6.813447322613625,161.39234863415464
999,12.474695813946477,54.762339606670785,6.759982300999802,161.85523633617396
